CookerStat, GenerateAssetRegistry=1.001734, Initialize=2.057247, RunGuid=RunID884D8E4344DB3583E0C9D69CE9D3DBF1
SavePackageTransactionIdD092BD5F4046A2B1184F329F704C058C_0, Filename=../../../../../../Users/Zcience/Documents/UnrealProjects/BatteryCollector/Content/Blueprints/Pickup_BP.uasset, AutoPackageBackupDelegate=0.946488, FlushAsyncLoading=0.006355, FlushStreamingFunc=0.111956, BlockTillAllRequestsFinished=0.014666, ResetLoadersForSaveUnMarkAllObjects=0.659999, TagPackageExports=1.578622, BeginCacheForCookedPlatformData=0.006355, SerializeImports=2.970491, GatherLocalizableTextData=1.573734, MarkNames=0.024933, SerializeSummary=0.023957, SerializeNames=0.102665, SerializeGatherableTextData=0.007331, BuildExportMap=0.093870, SortExportsNonSeekfree=0.095822, SortExportsSeekfreeConstructor=0.085067, SortExportsSeekfreeInner=7.178355, SortExportsSeekfree=0.004888, BuildDependencyMap=0.031780, SerializeImportMap=0.017602, SerializeExportMap=0.018086, SerializeDependencyMap=0.006355, SerializeStringAssetReferenceMap=0.004888, SaveThumbNailsAssetRegistryDataWorldLevelInfo=0.328533, SerializeExports=2.439067, SerializeBulkData=0.021022, MoveFile=5.731247, UnaccountedTime=4.867867, RunGuid=RunID884D8E4344DB3583E0C9D69CE9D3DBF1
SavePackageTransactionIdD092BD5F4046A2B1184F329F704C058C_1, Filename=../../../../../../Users/Zcience/Documents/UnrealProjects/BatteryCollector/Content/Blueprints/Pickup_BP.uasset, AutoPackageBackupDelegate=8.918315, FlushAsyncLoading=0.010267, FlushStreamingFunc=0.080664, BlockTillAllRequestsFinished=0.006355, ResetLoadersForSaveUnMarkAllObjects=0.201423, TagPackageExports=1.392357, BeginCacheForCookedPlatformData=0.002932, SerializeImports=2.429288, GatherLocalizableTextData=1.754135, MarkNames=0.026401, SerializeSummary=0.016622, SerializeNames=0.097290, SerializeGatherableTextData=0.008311, BuildExportMap=0.088975, SortExportsNonSeekfree=0.083603, SortExportsSeekfreeConstructor=0.183821, SortExportsSeekfreeInner=7.833466, SortExportsSeekfree=0.004891, BuildDependencyMap=0.027865, SerializeImportMap=0.015154, SerializeExportMap=0.018090, SerializeDependencyMap=0.005867, SerializeStringAssetReferenceMap=0.005376, SaveThumbNailsAssetRegistryDataWorldLevelInfo=9.912223, SerializeExports=2.410226, SerializeBulkData=0.009287, MoveFile=6.588269, UnaccountedTime=2.123244, RunGuid=RunID884D8E4344DB3583E0C9D69CE9D3DBF1
SavePackageTransactionIdD092BD5F4046A2B1184F329F704C058C_2, Filename=../../../../../../Users/Zcience/Documents/UnrealProjects/BatteryCollector/Content/Maps/CollectionLevel.umap, AutoPackageBackupDelegate=19.641600, FlushAsyncLoading=0.022978, FlushStreamingFunc=0.128090, BlockTillAllRequestsFinished=0.008311, ResetLoadersForSaveUnMarkAllObjects=0.278667, TagPackageExports=1.239821, BeginCacheForCookedPlatformData=0.003424, SerializeImports=2.431244, GatherLocalizableTextData=11.490844, MarkNames=0.076756, SerializeSummary=0.021514, SerializeNames=0.451732, SerializeGatherableTextData=0.015642, BuildExportMap=0.370581, SortExportsNonSeekfree=0.465423, SortExportsSeekfreeConstructor=0.081155, SortExportsSeekfreeInner=26.849781, SortExportsSeekfree=0.006843, BuildDependencyMap=0.102665, SerializeImportMap=0.052311, SerializeExportMap=0.036668, SerializeDependencyMap=0.018578, SerializeStringAssetReferenceMap=0.005864, SaveThumbNailsAssetRegistryDataWorldLevelInfo=1.092669, SerializeExports=9.005822, SerializeBulkData=856.270447, MoveFile=7.397868, UnaccountedTime=2.358399, RunGuid=RunID884D8E4344DB3583E0C9D69CE9D3DBF1
SavePackageTransactionIdD092BD5F4046A2B1184F329F704C058C_3, Filename=../../../../../../Users/Zcience/Documents/UnrealProjects/BatteryCollector/Content/Blueprints/Pickup_BP.uasset, AutoPackageBackupDelegate=1.534622, FlushAsyncLoading=0.004888, FlushStreamingFunc=0.071868, BlockTillAllRequestsFinished=0.005376, ResetLoadersForSaveUnMarkAllObjects=0.187732, TagPackageExports=1.336135, BeginCacheForCookedPlatformData=0.003424, SerializeImports=2.201464, GatherLocalizableTextData=2.288002, MarkNames=0.023954, SerializeSummary=0.017602, SerializeNames=0.103153, SerializeGatherableTextData=0.010759, BuildExportMap=0.093378, SortExportsNonSeekfree=0.088975, SortExportsSeekfreeConstructor=0.084091, SortExportsSeekfreeInner=7.843245, SortExportsSeekfree=0.004888, BuildDependencyMap=0.028357, SerializeImportMap=0.015154, SerializeExportMap=0.017110, SerializeDependencyMap=0.006355, SerializeStringAssetReferenceMap=0.004400, SaveThumbNailsAssetRegistryDataWorldLevelInfo=9.866267, SerializeExports=2.335910, SerializeBulkData=0.009291, MoveFile=7.199869, UnaccountedTime=2.316844, RunGuid=RunID884D8E4344DB3583E0C9D69CE9D3DBF1
MaterialTransactionId23101D64480D803052536BB653708E89_0, CacheKey=MATSM_4F0644619F9C48FF91E0D494C95EB050_PCD3D_SM5_5__BC5N_DEV_SL_NoDBuf_EARLYZ30709592A464E3CE113CF11A7EB3BC378_Num_SM5__0___TBasePassVSFCachedVolumeIndirectLightingPolicyAtmosphericFog8B18AAF8F9198748E9489BA6EBEFA581D907D7CD2094224222222222222222222222224222222222222222222222222222222222222222222424444444440222222222222222222222244442222222222222222222222222222221240222224222222222222222222222222222222222222222222222222222222000044040000001400000014000000140000001400000014000000_TShadowDepthVSForGSVertexShadowDepth_PerspectiveCorrecttrue4B45B91074D2CFA7ACE4DE03393192218069847A170422422222222222222222222222422222222222222222222222222222222222222222242444444444022222222222222222222224444222222222222222222222222222222124022222222222222222222020040440000001400000014000000140000001400000014000000_TBasePassVSFCachedPointIndirectLightingPolicyAtmosphericFog8B18AAF8F9198748E9489BA6EBEFA581D907D7CD2094224222222222222222222222224222222222222222222222222222222222222222222424444444440222222222222222222222244442222222222222222222222222222221240222224222222222222222222222222222222222222222222222222222222000044040000001400000014000000140000001400000014000000_TShadowDepthPSPixelShadowDepth_NonPerspectiveCorrecttrueCAB07D2D95B9FDBA4D93434B857B7D78E9EF61F717742242222222222222222222222242222222222222222222222222222222222222222224244444444402222222222222222222222444422222222222222222222222222222212402222222222222222222222222222000044040000001400000014000000140000001400000014000000_TShadowDepthVSVertexShadowDepth_PerspectiveCorrecttrue4B45B91074D2CFA7ACE4DE03393192218069847A170422422222222222222222222222422222222222222222222222222222222222222222242444444444022222222222222222222224444222222222222222222222222222222124022222222222222222222020040440000001400000014000000140000001400000014000000_TBasePassPSFCachedVolumeIndirectLightingPolicySkylight8B95D470BB4BF92A5C22A48B60B9DA18A2BE42522144224222222222222222222222224222222222222222222222222222222222222222222424444444440222222222222222222222244442222222222222222222222222222221240222224222222222222222222222222222222222222222222222222222222222202004044001400000014000000140000001400000014000000_TShadowDepthPSPixelShadowDepth_PerspectiveCorrecttrueCAB07D2D95B9FDBA4D93434B857B7D78E9EF61F717742242222222222222222222222242222222222222222222222222222222222222222224244444444402222222222222222222222444422222222222222222222222222222212402222222222222222222222222222000044040000001400000014000000140000001400000014000000_TBasePassVSFSimpleDynamicLightingPolicyAtmosphericFog8B18AAF8F9198748E9489BA6EBEFA581D907D7CD2094224222222222222222222222224222222222222222222222222222222222222222222424444444440222222222222222222222244442222222222222222222222222222221240222224222222222222222222222222222222222222222222222222222222000044040000001400000014000000140000001400000014000000_TBasePassPSFCachedPointIndirectLightingPolicySkylight8B95D470BB4BF92A5C22A48B60B9DA18A2BE42522144224222222222222222222222224222222222222222222222222222222222222222222424444444440222222222222222222222244442222222222222222222222222222221240222224222222222222222222222222222222222222222222222222222222222202004044001400000014000000140000001400000014000000_TShadowDepthVSForGSVertexShadowDepth_OutputDepthtrue4B45B91074D2CFA7ACE4DE03393192218069847A170422422222222222222222222222422222222222222222222222222222222222222222242444444444022222222222222222222224444222222222222222222222222222222124022222222222222222222020040440000001400000014000000140000001400000014000000_TShadowDepthPSPixelShadowDepth_OnePassPointLighttrueCAB07D2D95B9FDBA4D93434B857B7D78E9EF61F717742242222222222222222222222242222222222222222222222222222222222222222224244444444402222222222222222222222444422222222222222222222222222222212402222222222222222222222222222000044040000001400000014000000140000001400000014000000_TShadowDepthVSVertexShadowDepth_OutputDepthtrue4B45B91074D2CFA7ACE4DE03393192218069847A170422422222222222222222222222422222222222222222222222222222222222222222242444444444022222222222222222222224444222222222222222222222222222222124022222222222222222222020040440000001400000014000000140000001400000014000000_TBasePassPSFSimpleDynamicLightingPolicySkylight8B95D470BB4BF92A5C22A48B60B9DA18A2BE42522144224222222222222222222222224222222222222222222222222222222222222222222424444444440222222222222222222222244442222222222222222222222222222221240222224222222222222222222222222222222222222222222222222222222222202004044001400000014000000140000001400000014000000_TBasePassVSFCachedVolumeIndirectLightingPolicy8B18AAF8F9198748E9489BA6EBEFA581D907D7CD2094224222222222222222222222224222222222222222222222222222222222222222222424444444440222222222222222222222244442222222222222222222222222222221240222224222222222222222222222222222222222222222222222222222222000044040000001400000014000000140000001400000014000000_TBasePassPSFCachedVolumeIndirectLightingPolicy8B95D470BB4BF92A5C22A48B60B9DA18A2BE42522144224222222222222222222222224222222222222222222222222222222222222222222424444444440222222222222222222222244442222222222222222222222222222221240222224222222222222222222222222222222222222222222222222222222222202004044001400000014000000140000001400000014000000_TBasePassVSFCachedPointIndirectLightingPolicy8B18AAF8F9198748E9489BA6EBEFA581D907D7CD2094224222222222222222222222224222222222222222222222222222222222222222222424444444440222222222222222222222244442222222222222222222222222222221240222224222222222222222222222222222222222222222222222222222222000044040000001400000014000000140000001400000014000000_TBasePassPSFCachedPointIndirectLightingPolicy8B95D470BB4BF92A5C22A48B60B9DA18A2BE42522144224222222222222222222222224222222222222222222222222222222222222222222424444444440222222222222222222222244442222222222222222222222222222221240222224222222222222222222222222222222222222222222222222222222222202004044001400000014000000140000001400000014000000_TBasePassVSFNoLightMapPolicyAtmosphericFog8B18AAF8F9198748E9489BA6EBEFA581D907D7CD2094224222222222222222222222224222222222222222222222222222222222222222222424444444440222222222222222222222244442222222222222222222222222222221240222224222222222222222222222222222222222222222222222222222222000044040000001400000014000000140000001400000014000000_TBasePassVSFSimpleDynamicLightingPolicy8B18AAF8F9198748E9489BA6EBEFA581D907D7CD2094224222222222222222222222224222222222222222222222222222222222222222222424444444440222222222222222222222244442222222222222222222222222222221240222224222222222222222222222222222222222222222222222222222222000044040000001400000014000000140000001400000014000000_TBasePassPSFSimpleDynamicLightingPolicy8B95D470BB4BF92A5C22A48B60B9DA18A2BE42522144224222222222222222222222224222222222222222222222222222222222222222222424444444440222222222222222222222244442222222222222222222222222222221240222224222222222222222222222222222222222222222222222222222222222202004044001400000014000000140000001400000014000000_TBasePassPSFNoLightMapPolicySkylight8B95D470BB4BF92A5C22A48B60B9DA18A2BE42522144224222222222222222222222224222222222222222222222222222222222222222222424444444440222222222222222222222244442222222222222222222222222222221240222224222222222222222222222222222222222222222222222222222222222202004044001400000014000000140000001400000014000000_TBasePassVSFNoLightMapPolicy8B18AAF8F9198748E9489BA6EBEFA581D907D7CD2094224222222222222222222222224222222222222222222222222222222222222222222424444444440222222222222222222222244442222222222222222222222222222221240222224222222222222222222222222222222222222222222222222222222000044040000001400000014000000140000001400000014000000_TBasePassPSFNoLightMapPolicy8B95D470BB4BF92A5C22A48B60B9DA18A2BE42522144224222222222222222222222224222222222222222222222222222222222222222222424444444440222222222222222222222244442222222222222222222222222222221240222224222222222222222222222222222222222222222222222222222222222202004044001400000014000000140000001400000014000000_FEvaluateSurfelMaterialCS6258113C2EBBF117ED7778A8D1717F7C4F99C7B816742242222222222222222222222242222222222222222222222222222222222222222224244444444402222222222222222222222444422222222222222222222222222222222222222222222222222220000440414000000140000001400000014000000_FConvertToUniformMeshVSE7DF727A12438F2D529D6604B0B1C022849CCFEB152422422222222222222222222222422222222222222222222222222222222222222222242444444444022222222222222222222224444222222222222222222222222222222124022020040441400000014000000140000001400000014000000_FConvertToUniformMeshGSE7DF727A12438F2D529D6604B0B1C022849CCFEB152422422222222222222222222222422222222222222222222222222222222222222222242444444444022222222222222222222224444222222222222222222222222222222124022020040441400000014000000140000001400000014000000_FLocalVertexFactory5897CEF715AB93237703E35F9ABEBB43E8E477D34224200000000064000040404040404040404040434343444443434343404040404040404040404343434040404044040404040404040404040404343434444434343434040404040404040404043434340404016101010101000424244444444444444424141414341414141413131414141444341444044444444444444414141414141414141434143414141414141414141414131314444414241444444414101010004443414341414141444444434341434444444404444444444444444444444444444444444444444444444444444444444444444444444444404010101010101010101010101010101010101010101010101210440444444232341414141414141414141414121301214141414141414140443434343444144444444444444440101010101010101010101010101301434143424141414244414130331313141444444442500000010000000100000001000000010000000100000001000000010000000100000001000000010000000100000001000000010000000100000001000000010000000100000001000000010000000100000001000000010000000100000001000000010000000250000001000000010000000100000001000000010000000100000001000000010000000100000001000000010000000100000001000000010000000100000001000000010000000100000001000000010000000100000001000000010000000100000001000000008000000080000000800000008000000080000000800000049000000100000000900000008000000100000001000000010000000260000001800000009000000090000000900000009000000090000000900000009000000090000000900000009000000090000000900000009000000090000000900000009000000090000000900000008000000080000000800000008000000080000000800000013000000100000000A0000001C00000009000000090000000900000009000000090000000900000009000000080000000800000008000000080000000800000008000000080000000D00000008000000E863C30C1D74C9D785BE065CA6222179AE1EA98A0000000000000000000000000000000000000000, ShaderCompilation=4444.279297, RunGuid=RunID884D8E4344DB3583E0C9D69CE9D3DBF1
DDCTransactionId0191D35245195A542AF421A1FDE0FCBB_0, PutCachedData=, CacheKey=STATICMESH_37403C6FB9441A6992E4CB614156E6A_8C68575CEF434CA8A9E1DA4AED8A47BB_56__177B85CC49D7D94738E7CFED75C6DAA1E376C442, StartTime=2016.04.29-10.44.55, HierarchicalDDC=, DataSize=59681, Duration=8.606404, RunGuid=RunID884D8E4344DB3583E0C9D69CE9D3DBF1
DDCTransactionId01309CB541BAC04DA646D2B404AF182F_0, PutCachedData=, CacheKey=PhysX_1D9C17C451EA4FB88CB7A27536A65DB0_PhysXPC_13A0787D4B4C1D2DE73374ACDBD66AE__95709B7356D1A6F79596579F7A54E41F6D2D5D04, StartTime=2016.04.29-10.44.55, HierarchicalDDC=, DataSize=18156, Duration=8.010935, RunGuid=RunID884D8E4344DB3583E0C9D69CE9D3DBF1
DDCTransactionId0191D35245195A542AF421A1FDE0FCBB_1, PutCachedData=, CacheKey=NavCollision_B89838347A4348138EE337A847529C5C_NavCollision_X_13A0787D4B4C1D2DE__92211334908505EAE9E604210313A383BA7D6E96, StartTime=2016.04.29-10.44.55, HierarchicalDDC=, DataSize=401, Duration=7.847644, RunGuid=RunID884D8E4344DB3583E0C9D69CE9D3DBF1
DDCTransactionId01309CB541BAC04DA646D2B404AF182F_1, PutCachedData=, CacheKey=MATSM_4F0644619F9C48FF91E0D494C95EB050_PCD3D_SM5_5__BC5N_DEV_SL_NoDBuf_EARLYZ3__66720C121D64995C29DDD5F47D10C0E61E73CBD3, StartTime=2016.04.29-10.44.59, HierarchicalDDC=, DataSize=105257, Duration=18.300581, RunGuid=RunID884D8E4344DB3583E0C9D69CE9D3DBF1
SavePackageTransactionIdD092BD5F4046A2B1184F329F704C058C_4, Filename=../../../../../../Users/Zcience/Documents/UnrealProjects/BatteryCollector/Content/Blueprints/BatteryPickup_BP.uasset, AutoPackageBackupDelegate=0.159867, FlushAsyncLoading=0.004888, FlushStreamingFunc=0.083603, BlockTillAllRequestsFinished=0.012711, ResetLoadersForSaveUnMarkAllObjects=0.232220, TagPackageExports=1.377691, BeginCacheForCookedPlatformData=0.002932, SerializeImports=2.234712, GatherLocalizableTextData=1.687154, MarkNames=0.022490, SerializeSummary=0.017602, SerializeNames=0.097286, SerializeGatherableTextData=0.008311, BuildExportMap=0.088979, SortExportsNonSeekfree=0.106577, SortExportsSeekfreeConstructor=0.073336, SortExportsSeekfreeInner=8.168355, SortExportsSeekfree=0.004891, BuildDependencyMap=0.028841, SerializeImportMap=0.014178, SerializeExportMap=0.016622, SerializeDependencyMap=0.006355, SerializeStringAssetReferenceMap=0.004891, SaveThumbNailsAssetRegistryDataWorldLevelInfo=10.481291, SerializeExports=2.488934, SerializeBulkData=0.009775, MoveFile=6.252400, UnaccountedTime=4.451822, RunGuid=RunID884D8E4344DB3583E0C9D69CE9D3DBF1
DDCTransactionId0191D35245195A542AF421A1FDE0FCBB_2, PutCachedData=, CacheKey=PhysX_1D9C17C451EA4FB88CB7A27536A65DB0_PhysXPC_35C43B5549C5910124154B85BD90653__5D04AF695DA96460F79E1335E1CA35E0D703D22E, StartTime=2016.04.29-10.46.52, HierarchicalDDC=, DataSize=19633, Duration=6.872799, RunGuid=RunID884D8E4344DB3583E0C9D69CE9D3DBF1
DDCTransactionId01309CB541BAC04DA646D2B404AF182F_2, PutCachedData=, CacheKey=PhysX_1D9C17C451EA4FB88CB7A27536A65DB0_PhysXPC_766D81824C4CCE58528B57AAAA0A74D__5C00DAC7CB49EEA2CF56FDF6C16C7A1B70C52CA8, StartTime=2016.04.29-10.47.31, HierarchicalDDC=, DataSize=18156, Duration=7.168092, RunGuid=RunID884D8E4344DB3583E0C9D69CE9D3DBF1
DDCTransactionId0191D35245195A542AF421A1FDE0FCBB_3, PutCachedData=, CacheKey=PhysX_1D9C17C451EA4FB88CB7A27536A65DB0_PhysXPC_1C422C264E2398E4B97B1CAF756A0BF__BADC3388BA6A627EAF46BA10A2195818259F8E06, StartTime=2016.04.29-10.47.34, HierarchicalDDC=, DataSize=24044, Duration=8.385912, RunGuid=RunID884D8E4344DB3583E0C9D69CE9D3DBF1
SavePackageTransactionIdD092BD5F4046A2B1184F329F704C058C_5, Filename=../../../../../../Users/Zcience/Documents/UnrealProjects/BatteryCollector/Content/Maps/CollectionLevel.umap, AutoPackageBackupDelegate=21.135159, FlushAsyncLoading=0.016131, FlushStreamingFunc=0.099733, BlockTillAllRequestsFinished=0.013202, ResetLoadersForSaveUnMarkAllObjects=0.251777, TagPackageExports=1.249600, BeginCacheForCookedPlatformData=0.002932, SerializeImports=2.489913, GatherLocalizableTextData=12.064312, MarkNames=0.078224, SerializeSummary=0.022978, SerializeNames=0.466887, SerializeGatherableTextData=0.016622, BuildExportMap=0.384267, SortExportsNonSeekfree=0.421911, SortExportsSeekfreeConstructor=0.078224, SortExportsSeekfreeInner=26.041645, SortExportsSeekfree=0.006355, BuildDependencyMap=0.110000, SerializeImportMap=0.057686, SerializeExportMap=0.039604, SerializeDependencyMap=0.009775, SerializeStringAssetReferenceMap=0.004891, SaveThumbNailsAssetRegistryDataWorldLevelInfo=1.002222, SerializeExports=8.824933, SerializeBulkData=819.991943, MoveFile=7.276621, UnaccountedTime=2.530977, RunGuid=RunID884D8E4344DB3583E0C9D69CE9D3DBF1
SavePackageTransactionIdD092BD5F4046A2B1184F329F704C058C_6, Filename=../../../../../../Users/Zcience/Documents/UnrealProjects/BatteryCollector/Content/ExampleContent/Blueprint_Communication/Meshes/SM_Battery_Medium.uasset, AutoPackageBackupDelegate=6.464578, FlushAsyncLoading=0.009775, FlushStreamingFunc=0.079200, BlockTillAllRequestsFinished=0.005867, ResetLoadersForSaveUnMarkAllObjects=0.428759, TagPackageExports=0.053778, BeginCacheForCookedPlatformData=0.002932, SerializeImports=0.818890, GatherLocalizableTextData=0.413600, MarkNames=0.012711, SerializeSummary=0.016134, SerializeNames=0.094846, SerializeGatherableTextData=0.003908, BuildExportMap=0.038136, SortExportsNonSeekfree=0.020042, SortExportsSeekfreeConstructor=0.013202, SortExportsSeekfreeInner=1.065776, SortExportsSeekfree=0.003912, BuildDependencyMap=0.015154, SerializeImportMap=0.014178, SerializeExportMap=0.010755, SerializeDependencyMap=0.003912, SerializeStringAssetReferenceMap=0.003912, SaveThumbNailsAssetRegistryDataWorldLevelInfo=10.528709, SerializeExports=0.618447, SerializeBulkData=0.072844, MoveFile=6.211821, UnaccountedTime=1.928180, RunGuid=RunID884D8E4344DB3583E0C9D69CE9D3DBF1
SavePackageTransactionIdD092BD5F4046A2B1184F329F704C058C_7, Filename=../../../../../../Users/Zcience/Documents/UnrealProjects/BatteryCollector/Content/ExampleContent/Blueprint_Communication/Meshes/SM_Battery_Medium.uasset, AutoPackageBackupDelegate=1.781024, FlushAsyncLoading=0.004400, FlushStreamingFunc=0.110488, BlockTillAllRequestsFinished=0.022978, ResetLoadersForSaveUnMarkAllObjects=0.211690, TagPackageExports=0.050355, BeginCacheForCookedPlatformData=0.002936, SerializeImports=0.737730, GatherLocalizableTextData=0.380356, MarkNames=0.011735, SerializeSummary=0.017110, SerializeNames=0.088003, SerializeGatherableTextData=0.003420, BuildExportMap=0.035688, SortExportsNonSeekfree=0.017114, SortExportsSeekfreeConstructor=0.011731, SortExportsSeekfreeInner=0.993911, SortExportsSeekfree=0.003912, BuildDependencyMap=0.014666, SerializeImportMap=0.012223, SerializeExportMap=0.009291, SerializeDependencyMap=0.003912, SerializeStringAssetReferenceMap=0.004888, SaveThumbNailsAssetRegistryDataWorldLevelInfo=0.287957, SerializeExports=0.561245, SerializeBulkData=0.094842, MoveFile=6.210845, UnaccountedTime=0.192132, RunGuid=RunID884D8E4344DB3583E0C9D69CE9D3DBF1
SavePackageTransactionIdD092BD5F4046A2B1184F329F704C058C_8, Filename=../../../../../../Users/Zcience/Documents/UnrealProjects/BatteryCollector/Saved/Autosaves/Game/Maps/CollectionLevel_Auto1.umap, AutoPackageBackupDelegate=20.201382, FlushAsyncLoading=0.018578, FlushStreamingFunc=0.108045, BlockTillAllRequestsFinished=0.006843, ResetLoadersForSaveUnMarkAllObjects=0.265956, TagPackageExports=1.131289, BeginCacheForCookedPlatformData=0.002936, SerializeImports=2.587687, GatherLocalizableTextData=11.315334, MarkNames=0.080179, SerializeSummary=0.023957, SerializeNames=0.445865, SerializeGatherableTextData=0.022978, BuildExportMap=0.328533, SortExportsNonSeekfree=0.418488, SortExportsSeekfreeConstructor=0.078224, SortExportsSeekfreeInner=24.064581, SortExportsSeekfree=0.006355, BuildDependencyMap=0.089955, SerializeImportMap=0.049379, SerializeExportMap=0.038132, SerializeDependencyMap=0.017598, SerializeStringAssetReferenceMap=0.004400, SaveThumbNailsAssetRegistryDataWorldLevelInfo=1.015421, SerializeExports=8.948624, SerializeBulkData=818.225098, MoveFile=5.614892, UnaccountedTime=0.284534, RunGuid=RunID884D8E4344DB3583E0C9D69CE9D3DBF1
SavePackageTransactionIdD092BD5F4046A2B1184F329F704C058C_9, Filename=../../../../../../Users/Zcience/Documents/UnrealProjects/BatteryCollector/Content/Maps/CollectionLevel.umap, AutoPackageBackupDelegate=22.107561, FlushAsyncLoading=0.025421, FlushStreamingFunc=0.137378, BlockTillAllRequestsFinished=0.019554, ResetLoadersForSaveUnMarkAllObjects=2.098803, TagPackageExports=2.108578, BeginCacheForCookedPlatformData=0.009287, SerializeImports=4.104711, GatherLocalizableTextData=11.040092, MarkNames=0.085555, SerializeSummary=0.023957, SerializeNames=0.435110, SerializeGatherableTextData=0.016622, BuildExportMap=0.370577, SortExportsNonSeekfree=0.456136, SortExportsSeekfreeConstructor=0.082619, SortExportsSeekfreeInner=24.859514, SortExportsSeekfree=0.005379, BuildDependencyMap=0.094846, SerializeImportMap=0.058666, SerializeExportMap=0.053778, SerializeDependencyMap=0.060134, SerializeStringAssetReferenceMap=0.004888, SaveThumbNailsAssetRegistryDataWorldLevelInfo=0.971910, SerializeExports=7.164180, SerializeBulkData=831.081421, MoveFile=7.698044, UnaccountedTime=2.573513, RunGuid=RunID884D8E4344DB3583E0C9D69CE9D3DBF1
